creation_date,id,referring_link_click_id,os,initial_ip_address,,,referrring_link_id,referring_link_id,referring_identity_id,link_channel,link_feature,link_stage,link_creation_source,balance,links_created
2015-01-23T17:36:50.010Z,87200000000000000,87200000000000000,Android,73.201.199.68,,,86500000000000000,86500000000000000,null,AB Email,marketing,null,1,null,0
2015-02-20T12:17:56.736Z,97300000000000000,97300000000000000,Android,208.54.86.255,,,84100000000000000,84100000000000000,null,BL Info page,marketing,null,1,null,0
2015-02-11T12:32:23.581Z,94000000000000000,94000000000000000,Android,24.127.1.247,,,84100000000000000,84100000000000000,null,BL Info page,marketing,null,1,null,0
2015-02-07T19:12:05.907Z,92700000000000000,92700000000000000,Android,70.208.150.31,,,84100000000000000,84100000000000000,null,BL Info page,marketing,null,1,null,0
2015-02-02T02:13:20.826Z,90600000000000000,90600000000000000,Android,108.18.111.241,,,84100000000000000,84100000000000000,null,BL Info page,marketing,null,1,null,0
2015-01-31T00:11:43.566Z,89900000000000000,89900000000000000,Android,173.73.38.221,,,84100000000000000,84100000000000000,null,BL Info page,marketing,null,1,null,0
2015-01-24T22:03:19.158Z,87700000000000000,87700000000000000,Android,70.192.193.248,,,84100000000000000,84100000000000000,null,BL Info page,marketing,null,1,null,0
2015-01-23T12:53:56.452Z,87200000000000000,87200000000000000,Android,66.87.96.50,,,84100000000000000,84100000000000000,null,BL Info page,marketing,null,1,null,0
2015-02-20T20:46:20.257Z,97400000000000000,97400000000000000,Android,98.175.165.14,,,84100000000000000,84100000000000000,null,Facebook,marketing,null,1,null,0
2015-02-20T19:28:29.847Z,97400000000000000,97400000000000000,Android,69.140.34.138,,,84100000000000000,84100000000000000,null,Facebook,marketing,null,1,null,0
2015-02-20T04:04:30.409Z,97200000000000000,97200000000000000,Android,166.171.56.164,,,84100000000000000,84100000000000000,null,Facebook,marketing,null,1,null,0
2015-02-20T02:10:57.842Z,97100000000000000,97100000000000000,Android,73.128.12.213,,,84100000000000000,84100000000000000,null,Facebook,marketing,null,1,null,0
2015-02-20T00:23:48.356Z,97100000000000000,97100000000000000,Android,50.181.24.104,,,84100000000000000,84100000000000000,null,Facebook,marketing,null,1,null,0
2015-02-20T00:05:00.788Z,97100000000000000,97100000000000000,Android,71.166.35.237,,,84100000000000000,84100000000000000,null,Facebook,marketing,null,1,null,0
2015-02-19T23:44:36.756Z,97100000000000000,97100000000000000,Android,70.192.198.35,,,84100000000000000,84100000000000000,null,Facebook,marketing,null,1,null,0
2015-02-19T22:44:42.853Z,97100000000000000,97100000000000000,Android,173.79.162.175,,,84100000000000000,84100000000000000,null,Facebook,marketing,null,1,null,0
2015-02-18T20:36:39.013Z,96700000000000000,96700000000000000,Android,70.208.163.37,,,84100000000000000,84100000000000000,null,Facebook,marketing,null,1,null,0
2015-02-18T14:44:15.178Z,96600000000000000,96600000000000000,Android,100.36.100.107,,,84100000000000000,84100000000000000,null,Facebook,marketing,null,1,null,0
2015-02-16T17:46:46.656Z,95900000000000000,95900000000000000,Android,208.54.35.237,,,84100000000000000,84100000000000000,null,Facebook,marketing,null,1,null,0
2015-02-15T22:03:10.028Z,95600000000000000,95600000000000000,Android,98.204.13.46,,,84100000000000000,84100000000000000,null,Facebook,marketing,null,1,null,0
2015-02-15T19:40:37.759Z,95600000000000000,95600000000000000,Android,73.132.30.65,,,84100000000000000,84100000000000000,null,Facebook,marketing,null,1,null,0
2015-02-15T16:47:43.257Z,95500000000000000,95500000000000000,Android,70.192.203.221,,,84100000000000000,84100000000000000,null,Facebook,marketing,null,1,null,0
2015-02-15T16:20:47.163Z,95500000000000000,95500000000000000,Android,166.170.52.25,,,84100000000000000,84100000000000000,null,Facebook,marketing,null,1,null,0
2015-02-15T02:39:13.978Z,95300000000000000,95300000000000000,Android,166.170.29.158,,,84100000000000000,84100000000000000,null,Facebook,marketing,null,1,null,0
2015-02-15T02:14:59.938Z,95300000000000000,95300000000000000,Android,73.163.178.81,,,84100000000000000,84100000000000000,null,Facebook,marketing,null,1,null,0
2015-02-14T20:03:42.092Z,95200000000000000,95200000000000000,Android,76.100.164.131,,,84100000000000000,84100000000000000,null,Facebook,marketing,null,1,null,0
2015-02-14T16:55:42.129Z,95200000000000000,95200000000000000,Android,100.36.70.239,,,84100000000000000,84100000000000000,null,Facebook,marketing,null,1,null,0
2015-02-14T16:39:49.478Z,95200000000000000,95200000000000000,Android,73.172.225.28,,,84100000000000000,84100000000000000,null,Facebook,marketing,null,1,null,0
2015-02-14T05:03:57.495Z,95000000000000000,95000000000000000,Android,108.45.58.146,,,84100000000000000,84100000000000000,null,Facebook,marketing,null,1,null,0
2015-02-14T03:11:19.745Z,95000000000000000,95000000000000000,Android,71.4.209.201,,,84100000000000000,84100000000000000,null,Facebook,marketing,null,1,null,0
2015-02-13T22:43:06.661Z,94900000000000000,94900000000000000,Android,72.192.211.248,,,84100000000000000,84100000000000000,null,Facebook,marketing,null,1,null,0
2015-02-13T22:16:16.495Z,94900000000000000,94900000000000000,Android,173.79.38.175,,,84100000000000000,84100000000000000,null,Facebook,marketing,null,1,null,0
2015-02-12T13:19:25.328Z,94400000000000000,94400000000000000,Android,172.56.3.4,,,84100000000000000,84100000000000000,null,Facebook,marketing,null,1,null,0
2015-02-11T05:02:28.135Z,93900000000000000,93900000000000000,Android,50.153.115.159,,,84100000000000000,84100000000000000,null,Facebook,marketing,null,1,null,0
2015-02-11T02:02:16.338Z,93900000000000000,93900000000000000,Android,72.192.233.168,,,84100000000000000,84100000000000000,null,Facebook,marketing,null,1,null,0
2015-02-11T00:39:54.707Z,93900000000000000,93900000000000000,Android,73.213.190.229,,,84100000000000000,84100000000000000,null,Facebook,marketing,null,1,null,0
2015-02-10T21:48:54.483Z,93800000000000000,93800000000000000,Android,108.31.88.121,,,84100000000000000,84100000000000000,null,Facebook,marketing,null,1,null,0
2015-02-09T22:56:24.943Z,93500000000000000,93500000000000000,Android,108.18.151.109,,,84100000000000000,84100000000000000,null,Facebook,marketing,null,1,null,0
2015-02-09T13:34:39.306Z,93300000000000000,93300000000000000,Android,172.56.2.243,,,84100000000000000,84100000000000000,null,Facebook,marketing,null,1,null,0
2015-02-08T16:40:18.533Z,93000000000000000,93000000000000000,Android,72.66.84.193,,,84100000000000000,84100000000000000,null,Facebook,marketing,null,1,null,0
2015-02-08T00:44:04.973Z,92800000000000000,92800000000000000,Android,173.66.110.41,,,84100000000000000,84100000000000000,null,Facebook,marketing,null,1,null,0
2015-02-07T16:20:11.680Z,92600000000000000,92600000000000000,Android,69.251.54.10,,,84100000000000000,84100000000000000,null,Facebook,marketing,null,1,null,0
2015-02-04T02:30:06.373Z,91300000000000000,95200000000000000,Android,100.36.161.158,,,84100000000000000,84100000000000000,null,Facebook,marketing,null,1,null,0
2015-02-02T22:31:44.855Z,90900000000000000,90900000000000000,Android,63.152.115.192,,,84100000000000000,84100000000000000,null,Facebook,marketing,null,1,null,0
2015-02-02T22:30:15.788Z,90900000000000000,90900000000000000,Android,74.194.174.134,,,84100000000000000,84100000000000000,null,Facebook,marketing,null,1,null,0
2015-02-02T22:28:19.704Z,90900000000000000,90900000000000000,Android,67.238.169.1,,,84100000000000000,84100000000000000,null,Facebook,marketing,null,1,null,0
2015-02-02T22:26:55.360Z,90900000000000000,90900000000000000,Android,23.127.214.203,,,84100000000000000,84100000000000000,null,Facebook,marketing,null,1,null,0
2015-02-01T18:01:27.772Z,90500000000000000,90500000000000000,Android,108.31.176.140,,,84100000000000000,84100000000000000,null,Facebook,marketing,null,1,null,0
2015-02-01T06:58:58.080Z,90300000000000000,90300000000000000,Android,68.98.170.170,,,84100000000000000,84100000000000000,null,Facebook,marketing,null,1,null,0
2015-01-31T23:25:56.091Z,90200000000000000,90200000000000000,Android,172.56.2.117,,,84100000000000000,84100000000000000,null,Facebook,marketing,null,1,null,0
2015-01-31T18:43:33.202Z,90100000000000000,90100000000000000,Android,70.192.204.162,,,84100000000000000,84100000000000000,null,Facebook,marketing,null,1,null,0
2015-01-31T15:00:59.963Z,90100000000000000,90100000000000000,Android,66.87.80.128,,,84100000000000000,84100000000000000,null,Facebook,marketing,null,1,null,0
2015-01-31T02:49:57.532Z,89900000000000000,89900000000000000,Android,70.209.101.231,,,84100000000000000,84100000000000000,null,Facebook,marketing,null,1,null,0
2015-01-27T20:18:37.231Z,88700000000000000,88700000000000000,Android,76.100.92.33,,,84100000000000000,84100000000000000,null,Facebook,marketing,null,1,null,0
2015-02-21T04:47:10.870Z,97500000000000000,97500000000000000,Android,198.7.62.193,,,96700000000000000,96700000000000000,null,null,marketing,null,1,null,0
2015-02-21T02:05:37.236Z,97500000000000000,97500000000000000,Android,66.87.83.4,,,96700000000000000,96700000000000000,null,null,marketing,null,1,null,0
2015-02-14T02:29:31.633Z,95000000000000000,95000000000000000,Android,67.180.198.72,,,94900000000000000,94900000000000000,null,null,marketing,null,1,null,0
2015-02-14T02:08:06.616Z,95000000000000000,95000000000000000,Android,67.180.198.72,,,94900000000000000,94900000000000000,null,null,marketing,null,1,null,0
2015-02-14T00:58:15.658Z,94900000000000000,94900000000000000,Android,24.130.8.48,,,94900000000000000,94900000000000000,null,null,marketing,null,1,null,0
2015-02-14T00:53:20.542Z,94900000000000000,94900000000000000,Android,24.130.8.48,,,94900000000000000,94900000000000000,null,null,marketing,null,1,null,0
2015-02-13T22:59:56.472Z,94900000000000000,94900000000000000,Android,177.132.85.40,,,74400000000000000,74400000000000000,null,null,marketing,null,1,null,0
2015-02-13T22:58:37.393Z,94900000000000000,94900000000000000,Android,24.130.8.48,,,74400000000000000,74400000000000000,null,null,marketing,null,1,null,0
2015-02-13T22:02:52.923Z,94900000000000000,94900000000000000,Android,67.180.198.72,,,94900000000000000,94900000000000000,null,null,marketing,null,1,null,0
2015-02-20T05:20:17.506Z,97200000000000000,97200000000000000,Android,172.56.30.35,,,84100000000000000,84100000000000000,null,Twitter,marketing,null,1,null,0
2015-02-16T00:50:14.035Z,95700000000000000,95700000000000000,Android,70.196.5.99,,,84100000000000000,84100000000000000,null,Twitter,marketing,null,1,null,0
2015-02-15T10:27:44.917Z,95500000000000000,95500000000000000,Android,69.250.115.61,,,86500000000000000,86500000000000000,null,Twitter,marketing,null,1,null,0
2015-02-13T18:30:29.836Z,94900000000000000,94900000000000000,Android,70.192.197.136,,,84100000000000000,84100000000000000,null,Twitter,marketing,null,1,null,0
2015-02-13T17:38:38.865Z,94800000000000000,94800000000000000,Android,71.166.57.176,,,86500000000000000,86500000000000000,null,Twitter,marketing,null,1,null,0
2015-02-13T17:07:12.980Z,94800000000000000,94800000000000000,Android,73.39.248.61,,,86500000000000000,86500000000000000,null,Twitter,marketing,null,1,null,0
2015-02-13T16:55:08.656Z,94800000000000000,94800000000000000,Android,70.192.201.70,,,84100000000000000,84100000000000000,null,Twitter,marketing,null,1,null,0
2015-02-12T16:12:00.070Z,94500000000000000,94500000000000000,Android,74.96.216.42,,,84100000000000000,84100000000000000,null,Twitter,marketing,null,1,null,0
2015-02-12T01:17:21.888Z,94200000000000000,94200000000000000,Android,73.165.174.119,,,84100000000000000,84100000000000000,null,Twitter,marketing,null,1,null,0
2015-02-08T05:30:26.027Z,92800000000000000,92800000000000000,Android,172.56.10.60,,,84100000000000000,84100000000000000,null,Twitter,marketing,null,1,null,0
2015-02-05T22:40:29.982Z,92000000000000000,92000000000000000,Android,97.85.70.158,,,84100000000000000,84100000000000000,null,Twitter,marketing,null,1,null,0
2015-02-05T17:51:58.122Z,91900000000000000,91900000000000000,Android,208.54.70.176,,,84100000000000000,84100000000000000,null,Twitter,marketing,null,1,null,0
2015-02-05T17:49:18.696Z,91900000000000000,91900000000000000,Android,70.193.216.64,,,84100000000000000,84100000000000000,null,Twitter,marketing,null,1,null,0
2015-02-05T17:01:05.267Z,91900000000000000,91900000000000000,Android,128.223.223.137,,,84100000000000000,84100000000000000,null,Twitter,marketing,null,1,null,0
2015-02-05T16:41:58.977Z,91900000000000000,91900000000000000,Android,70.199.145.240,,,84100000000000000,84100000000000000,null,Twitter,marketing,null,1,null,0
2015-02-05T16:29:50.683Z,91900000000000000,91900000000000000,Android,72.75.212.179,,,84100000000000000,84100000000000000,null,Twitter,marketing,null,1,null,0
2015-02-05T16:10:57.230Z,91900000000000000,91900000000000000,Android,104.33.36.184,,,84100000000000000,84100000000000000,null,Twitter,marketing,null,1,null,0
2015-02-05T16:03:24.822Z,91900000000000000,91900000000000000,Android,192.206.119.7,,,84100000000000000,84100000000000000,null,Twitter,marketing,null,1,null,0
2015-02-05T15:59:14.518Z,91900000000000000,91900000000000000,Android,68.178.59.78,,,84100000000000000,84100000000000000,null,Twitter,marketing,null,1,null,0
2015-02-03T21:36:32.311Z,91300000000000000,91300000000000000,Android,66.87.82.40,,,86500000000000000,86500000000000000,null,Twitter,marketing,null,1,null,0
2015-02-03T15:17:33.478Z,91200000000000000,91200000000000000,Android,75.84.24.59,,,86500000000000000,86500000000000000,null,Twitter,marketing,null,1,null,0
2015-02-02T19:31:05.919Z,90900000000000000,90900000000000000,Android,172.56.2.128,,,86500000000000000,86500000000000000,null,Twitter,marketing,null,1,null,0
2015-01-31T11:47:01.046Z,90000000000000000,90000000000000000,Android,96.255.104.16,,,86500000000000000,86500000000000000,null,Twitter,marketing,null,1,null,0
2015-01-31T04:35:14.093Z,89900000000000000,89900000000000000,Android,108.51.235.146,,,86500000000000000,86500000000000000,null,Twitter,marketing,null,1,null,0
2015-01-30T16:05:24.935Z,89700000000000000,89700000000000000,Android,70.192.212.232,,,86500000000000000,86500000000000000,null,Twitter,marketing,null,1,null,0
2015-01-29T23:41:04.384Z,89500000000000000,89500000000000000,Android,66.87.83.14,,,86500000000000000,86500000000000000,null,Twitter,marketing,null,1,null,0
2015-01-29T16:33:54.907Z,89400000000000000,89400000000000000,Android,66.87.82.135,,,86500000000000000,86500000000000000,null,Twitter,marketing,null,1,null,0
2015-01-24T19:50:54.151Z,87600000000000000,87600000000000000,Android,70.174.161.250,,,86500000000000000,86500000000000000,null,Twitter,marketing,null,1,null,0
2015-01-23T20:17:50.844Z,87300000000000000,87300000000000000,iOS,38.88.32.123,,,86500000000000000,86500000000000000,null,AB Email,marketing,null,1,null,0
2015-01-23T16:52:59.612Z,87200000000000000,87200000000000000,iOS,68.100.61.107,,,86500000000000000,86500000000000000,null,AB Email,marketing,null,1,null,0
2015-01-23T15:05:18.673Z,87200000000000000,87200000000000000,iOS,108.51.175.56,,,86500000000000000,86500000000000000,null,AB Email,marketing,null,1,null,0
2015-01-23T14:11:30.608Z,87200000000000000,87200000000000000,iOS,166.170.35.176,,,86500000000000000,86500000000000000,null,AB Email,marketing,null,1,null,0
2015-01-23T02:17:41.732Z,87000000000000000,87000000000000000,iOS,50.190.65.145,,,86500000000000000,86500000000000000,null,AB Email,marketing,null,1,null,0
2015-01-23T01:42:00.769Z,87000000000000000,87000000000000000,iOS,96.231.224.68,,,86500000000000000,86500000000000000,null,AB Email,marketing,null,1,null,0
2015-01-23T00:39:41.820Z,87000000000000000,87000000000000000,iOS,69.143.215.186,,,86500000000000000,86500000000000000,null,AB Email,marketing,null,1,null,0
2015-01-23T00:14:40.763Z,87000000000000000,87000000000000000,iOS,166.170.34.139,,,86500000000000000,86500000000000000,null,AB Email,marketing,null,1,null,0
2015-01-23T00:08:20.411Z,87000000000000000,87000000000000000,iOS,70.192.209.166,,,86500000000000000,86500000000000000,null,AB Email,marketing,null,1,null,0
2015-01-23T00:02:33.894Z,87000000000000000,87000000000000000,iOS,172.56.3.113,,,86500000000000000,86500000000000000,null,AB Email,marketing,null,1,null,0
2015-01-23T22:51:06.997Z,87300000000000000,87300000000000000,iOS,216.31.255.3,,,87300000000000000,87300000000000000,null,AKQA,marketing,null,1,null,0
2015-02-20T23:12:48.715Z,97500000000000000,97500000000000000,iOS,104.37.164.183,,,84100000000000000,84100000000000000,null,BL Info page,marketing,null,1,null,0
2015-02-14T21:10:58.726Z,95300000000000000,95300000000000000,iOS,69.140.241.148,,,84100000000000000,84100000000000000,null,BL Info page,marketing,null,1,null,0
2015-02-13T23:05:45.677Z,94900000000000000,94900000000000000,iOS,67.185.245.42,,,84100000000000000,84100000000000000,null,BL Info page,marketing,null,1,null,0
2015-02-13T02:48:12.205Z,94600000000000000,94600000000000000,iOS,70.210.6.171,,,84100000000000000,84100000000000000,null,BL Info page,marketing,null,1,null,0
2015-02-12T17:15:16.577Z,94500000000000000,94500000000000000,iOS,71.71.51.58,,,84100000000000000,84100000000000000,null,BL Info page,marketing,null,1,null,0
2015-02-12T16:39:39.222Z,94500000000000000,94500000000000000,iOS,166.175.63.218,,,84100000000000000,84100000000000000,null,BL Info page,marketing,null,1,null,0
2015-02-12T03:07:13.326Z,94300000000000000,94300000000000000,iOS,24.177.75.192,,,84100000000000000,84100000000000000,null,BL Info page,marketing,null,1,null,0
2015-02-11T10:36:45.486Z,94000000000000000,94000000000000000,iOS,172.242.210.86,,,84100000000000000,84100000000000000,null,BL Info page,marketing,null,1,null,0
2015-02-11T04:55:18.024Z,93900000000000000,93900000000000000,iOS,27.55.31.19,,,84100000000000000,84100000000000000,null,BL Info page,marketing,null,1,null,0
2015-02-09T21:24:06.907Z,93400000000000000,93400000000000000,iOS,32.211.14.10,,,84100000000000000,84100000000000000,null,BL Info page,marketing,null,1,null,0
2015-02-09T00:27:19.437Z,93100000000000000,93100000000000000,iOS,69.143.122.255,,,84100000000000000,84100000000000000,null,BL Info page,marketing,null,1,null,0
2015-02-01T23:43:30.238Z,90600000000000000,90600000000000000,iOS,73.212.74.159,,,84100000000000000,84100000000000000,null,BL Info page,marketing,null,1,null,0
2015-02-01T21:17:11.621Z,90500000000000000,90500000000000000,iOS,96.241.148.173,,,84100000000000000,84100000000000000,null,BL Info page,marketing,null,1,null,0
2015-02-01T18:12:40.249Z,90500000000000000,90500000000000000,iOS,73.201.172.146,,,84100000000000000,84100000000000000,null,BL Info page,marketing,null,1,null,0
2015-02-01T14:50:35.542Z,90400000000000000,90400000000000000,iOS,98.218.226.219,,,84100000000000000,84100000000000000,null,BL Info page,marketing,null,1,null,0
2015-02-01T03:40:29.707Z,90300000000000000,90500000000000000,iOS,73.163.111.43,,,84100000000000000,84100000000000000,null,BL Info page,marketing,null,1,null,0
2015-01-31T23:04:42.256Z,90200000000000000,90200000000000000,iOS,69.143.132.199,,,84100000000000000,84100000000000000,null,BL Info page,marketing,null,1,null,0
2015-01-30T23:57:00.722Z,89900000000000000,89900000000000000,iOS,71.75.216.254,,,84100000000000000,84100000000000000,null,BL Info page,marketing,null,1,null,0
2015-01-30T23:52:32.698Z,89900000000000000,89900000000000000,iOS,216.15.52.6,,,84100000000000000,84100000000000000,null,BL Info page,marketing,null,1,null,0
2015-01-30T06:16:39.968Z,89600000000000000,89600000000000000,iOS,97.125.129.125,,,84100000000000000,84100000000000000,null,BL Info page,marketing,null,1,null,0
2015-01-28T03:43:07.287Z,88800000000000000,88800000000000000,iOS,66.44.63.178,,,84100000000000000,84100000000000000,null,BL Info page,marketing,null,1,null,0
2015-01-28T03:00:46.824Z,88800000000000000,88800000000000000,iOS,98.218.1.85,,,84100000000000000,84100000000000000,null,BL Info page,marketing,null,1,null,0
2015-01-27T22:29:52.751Z,88700000000000000,88700000000000000,iOS,162.227.249.170,,,84100000000000000,84100000000000000,null,BL Info page,marketing,null,1,null,0
2015-01-27T21:46:35.113Z,88700000000000000,88700000000000000,iOS,50.90.227.152,,,84100000000000000,84100000000000000,null,BL Info page,marketing,null,1,null,0
2015-01-26T19:44:42.707Z,88300000000000000,88300000000000000,iOS,72.204.243.22,,,84100000000000000,84100000000000000,null,BL Info page,marketing,null,1,null,0
2015-01-26T19:40:05.439Z,88300000000000000,88300000000000000,iOS,76.26.148.79,,,84100000000000000,84100000000000000,null,BL Info page,marketing,null,1,null,0
2015-01-25T23:43:22.700Z,88000000000000000,88000000000000000,iOS,74.90.98.175,,,84100000000000000,84100000000000000,null,BL Info page,marketing,null,1,null,0
2015-01-25T16:24:33.511Z,87900000000000000,87900000000000000,iOS,108.48.126.3,,,84100000000000000,84100000000000000,null,BL Info page,marketing,null,1,null,0
2015-01-25T05:21:29.095Z,87800000000000000,87800000000000000,iOS,104.50.181.4,,,84100000000000000,84100000000000000,null,BL Info page,marketing,null,1,null,0
2015-01-24T23:01:10.341Z,87700000000000000,87700000000000000,iOS,70.208.132.22,,,84100000000000000,84100000000000000,null,BL Info page,marketing,null,1,null,0
2015-01-24T14:36:31.163Z,87500000000000000,87500000000000000,iOS,166.181.67.221,,,84100000000000000,84100000000000000,null,BL Info page,marketing,null,1,null,0
2015-01-23T21:35:08.957Z,87300000000000000,87300000000000000,iOS,50.160.223.165,,,84100000000000000,84100000000000000,null,BL Info page,marketing,null,1,null,0
2015-01-23T21:32:02.371Z,87300000000000000,87300000000000000,iOS,72.209.230.113,,,84100000000000000,84100000000000000,null,BL Info page,marketing,null,1,null,0
2015-01-23T19:18:25.217Z,87300000000000000,87300000000000000,iOS,70.208.134.18,,,84100000000000000,84100000000000000,null,BL Info page,marketing,null,1,null,0
2015-01-23T17:44:29.694Z,87200000000000000,87200000000000000,iOS,166.170.33.215,,,84100000000000000,84100000000000000,null,BL Info page,marketing,null,1,null,0
2015-01-23T16:49:35.454Z,87200000000000000,87200000000000000,iOS,108.45.18.223,,,84100000000000000,84100000000000000,null,BL Info page,marketing,null,1,null,0
2015-01-23T15:21:12.550Z,87200000000000000,87200000000000000,iOS,208.49.85.2,,,84100000000000000,84100000000000000,null,BL Info page,marketing,null,1,null,0
2015-01-23T11:25:26.784Z,87100000000000000,87100000000000000,iOS,70.192.201.221,,,84100000000000000,84100000000000000,null,BL Info page,marketing,null,1,null,0
2015-01-23T04:30:55.757Z,87000000000000000,87000000000000000,iOS,50.177.31.227,,,84100000000000000,84100000000000000,null,BL Info page,marketing,null,1,null,0
2015-01-22T21:39:39.395Z,86900000000000000,86900000000000000,iOS,179.218.12.75,,,84100000000000000,84100000000000000,null,BL Info page,marketing,null,1,null,0
2015-01-22T15:30:27.796Z,86800000000000000,86800000000000000,iOS,162.233.165.178,,,84100000000000000,84100000000000000,null,BL Info page,marketing,null,1,null,0
2015-01-22T02:50:14.936Z,86600000000000000,86600000000000000,iOS,216.164.59.174,,,84100000000000000,84100000000000000,null,BL Info page,marketing,null,1,null,0
2015-01-22T02:13:56.001Z,86600000000000000,86600000000000000,iOS,69.161.83.43,,,84100000000000000,84100000000000000,null,BL Info page,marketing,null,1,null,0
2015-01-21T20:54:40.498Z,86600000000000000,86600000000000000,iOS,174.239.36.115,,,84100000000000000,84100000000000000,null,BL Info page,marketing,null,1,null,0
2015-01-20T20:57:05.498Z,86200000000000000,86200000000000000,iOS,76.16.147.88,,,84100000000000000,84100000000000000,null,BL Info page,marketing,null,1,null,0
2015-01-20T19:15:33.818Z,86200000000000000,86200000000000000,iOS,208.54.35.250,,,84100000000000000,84100000000000000,null,BL Info page,marketing,null,1,null,0
2015-01-20T18:58:12.995Z,86200000000000000,86200000000000000,iOS,12.154.100.66,,,84100000000000000,84100000000000000,null,BL Info page,marketing,null,1,null,0
2015-01-20T18:56:01.157Z,86200000000000000,86200000000000000,iOS,12.154.100.33,,,84100000000000000,84100000000000000,null,BL Info page,marketing,null,1,null,0
2015-01-20T16:55:51.456Z,86100000000000000,86100000000000000,iOS,166.171.185.191,,,84100000000000000,84100000000000000,null,BL Info page,marketing,null,1,null,0
2015-01-20T15:26:04.106Z,86100000000000000,86100000000000000,iOS,70.208.139.36,,,84100000000000000,84100000000000000,null,BL Info page,marketing,null,1,null,0
2015-01-20T08:36:45.580Z,86000000000000000,86000000000000000,iOS,76.176.7.28,,,84100000000000000,84100000000000000,null,BL Info page,marketing,null,1,null,0
2015-01-17T00:54:24.770Z,84800000000000000,84800000000000000,iOS,72.133.50.205,,,84100000000000000,84100000000000000,null,BL Info page,marketing,null,1,null,0
2015-01-17T00:37:27.990Z,84800000000000000,84800000000000000,iOS,50.138.241.41,,,84100000000000000,84100000000000000,null,BL Info page,marketing,null,1,null,0
2015-01-17T00:34:56.925Z,84800000000000000,84800000000000000,iOS,70.194.66.43,,,84100000000000000,84100000000000000,null,BL Info page,marketing,null,1,null,0
2015-02-13T01:37:41.852Z,94600000000000000,94600000000000000,iOS,24.130.8.48,,,72100000000000000,72100000000000000,null,BLWeb,marketing,null,1,null,0
2015-02-21T19:04:03.916Z,97800000000000000,97800000000000000,iOS,108.48.161.58,,,84100000000000000,84100000000000000,null,Facebook,marketing,null,1,null,0
2015-02-21T18:54:38.711Z,97800000000000000,97800000000000000,iOS,71.255.247.32,,,84100000000000000,84100000000000000,null,Facebook,marketing,null,1,null,0
2015-02-21T17:05:18.892Z,97700000000000000,97700000000000000,iOS,108.48.191.44,,,84100000000000000,84100000000000000,null,Facebook,marketing,null,1,null,0
2015-02-21T16:35:14.596Z,97700000000000000,97700000000000000,iOS,70.88.237.5,,,84100000000000000,84100000000000000,null,Facebook,marketing,null,1,null,0
2015-02-21T16:26:22.071Z,97700000000000000,97700000000000000,iOS,166.171.56.176,,,84100000000000000,84100000000000000,null,Facebook,marketing,null,1,null,0
2015-02-21T12:20:53.646Z,97700000000000000,97700000000000000,iOS,70.192.212.34,,,84100000000000000,84100000000000000,null,Facebook,marketing,null,1,null,0
2015-02-21T03:41:14.108Z,97500000000000000,97500000000000000,iOS,173.66.242.204,,,84100000000000000,84100000000000000,null,Facebook,marketing,null,1,null,0
2015-02-20T21:04:19.506Z,97400000000000000,97400000000000000,iOS,216.57.139.154,,,84100000000000000,84100000000000000,null,Facebook,marketing,null,1,null,0
2015-02-20T17:41:09.796Z,97400000000000000,97400000000000000,iOS,66.87.82.137,,,84100000000000000,84100000000000000,null,Facebook,marketing,null,1,null,0
2015-02-20T16:12:51.171Z,97400000000000000,97400000000000000,iOS,141.161.13.91,,,84100000000000000,84100000000000000,null,Facebook,marketing,null,1,null,0
2015-02-20T16:08:30.506Z,97400000000000000,97400000000000000,iOS,70.192.215.33,,,84100000000000000,84100000000000000,null,Facebook,marketing,null,1,null,0
2015-02-20T14:57:19.835Z,97300000000000000,97300000000000000,iOS,76.114.249.223,,,84100000000000000,84100000000000000,null,Facebook,marketing,null,1,null,0
2015-02-20T14:06:31.136Z,97300000000000000,97300000000000000,iOS,66.87.81.20,,,84100000000000000,84100000000000000,null,Facebook,marketing,null,1,null,0
2015-02-20T03:39:59.733Z,97200000000000000,97200000000000000,iOS,69.143.190.178,,,84100000000000000,84100000000000000,null,Facebook,marketing,null,1,null,0
2015-02-20T01:52:19.044Z,97100000000000000,97100000000000000,iOS,73.43.71.194,,,84100000000000000,84100000000000000,null,Facebook,marketing,null,1,null,0
2015-02-19T23:18:00.304Z,97100000000000000,97100000000000000,iOS,76.114.168.24,,,84100000000000000,84100000000000000,null,Facebook,marketing,null,1,null,0
2015-02-19T05:28:32.767Z,96800000000000000,96800000000000000,iOS,173.73.110.132,,,84100000000000000,84100000000000000,null,Facebook,marketing,null,1,null,0
2015-02-19T00:42:10.713Z,96800000000000000,96800000000000000,iOS,66.87.81.64,,,84100000000000000,84100000000000000,null,Facebook,marketing,null,1,null,0
2015-02-18T23:35:11.904Z,96700000000000000,96700000000000000,iOS,73.200.43.116,,,84100000000000000,84100000000000000,null,Facebook,marketing,null,1,null,0
2015-02-18T23:22:54.848Z,96700000000000000,96700000000000000,iOS,76.106.110.35,,,84100000000000000,84100000000000000,null,Facebook,marketing,null,1,null,0
2015-02-18T06:02:08.960Z,96500000000000000,96500000000000000,iOS,206.196.186.218,,,84100000000000000,84100000000000000,null,Facebook,marketing,null,1,null,0
2015-02-18T04:54:54.941Z,96500000000000000,96500000000000000,iOS,68.50.217.112,,,84100000000000000,84100000000000000,null,Facebook,marketing,null,1,null,0
2015-02-18T03:35:57.575Z,96400000000000000,96400000000000000,iOS,67.208.163.139,,,84100000000000000,84100000000000000,null,Facebook,marketing,null,1,null,0
2015-02-17T20:16:07.709Z,96300000000000000,96300000000000000,iOS,173.73.41.134,,,84100000000000000,84100000000000000,null,Facebook,marketing,null,1,null,0
2015-02-17T18:04:30.221Z,96300000000000000,96300000000000000,iOS,72.205.23.39,,,84100000000000000,84100000000000000,null,Facebook,marketing,null,1,null,0
2015-02-17T17:35:11.806Z,96300000000000000,96300000000000000,iOS,98.204.27.239,,,84100000000000000,84100000000000000,null,Facebook,marketing,null,1,null,0
2015-02-17T16:50:26.078Z,96300000000000000,96300000000000000,iOS,198.204.189.245,,,84100000000000000,84100000000000000,null,Facebook,marketing,null,1,null,0
2015-02-16T20:45:30.989Z,96000000000000000,96000000000000000,iOS,69.143.218.14,,,84100000000000000,84100000000000000,null,Facebook,marketing,null,1,null,0
2015-02-16T17:38:37.731Z,95900000000000000,95900000000000000,iOS,206.196.184.82,,,84100000000000000,84100000000000000,null,Facebook,marketing,null,1,null,0
2015-02-16T14:50:26.779Z,95900000000000000,95900000000000000,iOS,98.163.69.243,,,84100000000000000,84100000000000000,null,Facebook,marketing,null,1,null,0
2015-02-16T13:18:31.600Z,95900000000000000,95900000000000000,iOS,66.87.81.212,,,84100000000000000,84100000000000000,null,Facebook,marketing,null,1,null,0
2015-02-16T04:57:32.051Z,95700000000000000,95700000000000000,iOS,96.255.124.162,,,84100000000000000,84100000000000000,null,Facebook,marketing,null,1,null,0
2015-02-16T01:55:46.033Z,95700000000000000,95700000000000000,iOS,70.208.141.133,,,84100000000000000,84100000000000000,null,Facebook,marketing,null,1,null,0
2015-02-15T23:31:56.336Z,95700000000000000,95700000000000000,iOS,108.28.47.190,,,84100000000000000,84100000000000000,null,Facebook,marketing,null,1,null,0
2015-02-15T23:05:08.246Z,95600000000000000,95600000000000000,iOS,73.200.197.218,,,84100000000000000,84100000000000000,null,Facebook,marketing,null,1,null,0
2015-02-15T17:02:00.028Z,95600000000000000,95600000000000000,iOS,108.31.189.21,,,84100000000000000,84100000000000000,null,Facebook,marketing,null,1,null,0
2015-02-15T13:35:09.616Z,95500000000000000,95500000000000000,iOS,76.21.172.230,,,84100000000000000,84100000000000000,null,Facebook,marketing,null,1,null,0
2015-02-15T11:25:20.580Z,95500000000000000,95500000000000000,iOS,74.96.119.55,,,84100000000000000,84100000000000000,null,Facebook,marketing,null,1,null,0
2015-02-15T07:35:37.313Z,95400000000000000,95400000000000000,iOS,68.50.195.25,,,84100000000000000,84100000000000000,null,Facebook,marketing,null,1,null,0
2015-02-15T03:19:51.348Z,95300000000000000,95300000000000000,iOS,108.56.188.157,,,84100000000000000,84100000000000000,null,Facebook,marketing,null,1,null,0
2015-02-15T01:39:11.289Z,95300000000000000,95300000000000000,iOS,108.51.82.185,,,84100000000000000,84100000000000000,null,Facebook,marketing,null,1,null,0
2015-02-14T23:22:34.293Z,95300000000000000,95300000000000000,iOS,72.66.91.188,,,84100000000000000,84100000000000000,null,Facebook,marketing,null,1,null,0
2015-02-14T21:08:56.220Z,95300000000000000,95300000000000000,iOS,108.15.118.129,,,84100000000000000,84100000000000000,null,Facebook,marketing,null,1,null,0
2015-02-14T20:41:49.272Z,95200000000000000,95200000000000000,iOS,71.126.134.200,,,84100000000000000,84100000000000000,null,Facebook,marketing,null,1,null,0
2015-02-14T20:06:42.248Z,95200000000000000,95200000000000000,iOS,72.83.57.39,,,84100000000000000,84100000000000000,null,Facebook,marketing,null,1,null,0
2015-02-14T18:37:51.090Z,95200000000000000,95200000000000000,iOS,70.208.141.244,,,84100000000000000,84100000000000000,null,Facebook,marketing,null,1,null,0
2015-02-14T17:15:47.358Z,95200000000000000,95200000000000000,iOS,108.31.181.212,,,84100000000000000,84100000000000000,null,Facebook,marketing,null,1,null,0
2015-02-14T16:15:27.212Z,95200000000000000,95200000000000000,iOS,72.66.102.192,,,84100000000000000,84100000000000000,null,Facebook,marketing,null,1,null,0
2015-02-14T13:00:19.931Z,95100000000000000,95100000000000000,iOS,73.213.180.111,,,84100000000000000,84100000000000000,null,Facebook,marketing,null,1,null,0
2015-02-14T04:51:20.478Z,95000000000000000,95000000000000000,iOS,68.98.149.204,,,84100000000000000,84100000000000000,null,Facebook,marketing,null,1,null,0
2015-02-14T03:46:17.854Z,95000000000000000,95000000000000000,iOS,98.117.47.95,,,84100000000000000,84100000000000000,null,Facebook,marketing,null,1,null,0
2015-02-14T02:37:51.693Z,95000000000000000,95000000000000000,iOS,71.163.84.109,,,84100000000000000,84100000000000000,null,Facebook,marketing,null,1,null,0
2015-02-14T00:37:34.615Z,94900000000000000,94900000000000000,iOS,68.55.72.194,,,84100000000000000,84100000000000000,null,Facebook,marketing,null,1,null,0
2015-02-14T00:36:29.501Z,94900000000000000,94900000000000000,iOS,173.79.160.51,,,84100000000000000,84100000000000000,null,Facebook,marketing,null,1,null,0
2015-02-13T22:54:33.404Z,94900000000000000,94900000000000000,iOS,71.241.251.57,,,84100000000000000,84100000000000000,null,Facebook,marketing,null,1,null,0
2015-02-13T22:52:28.436Z,94900000000000000,94900000000000000,iOS,71.120.13.51,,,84100000000000000,84100000000000000,null,Facebook,marketing,null,1,null,0
2015-02-13T22:33:24.139Z,94900000000000000,94900000000000000,iOS,70.174.155.146,,,84100000000000000,84100000000000000,null,Facebook,marketing,null,1,null,0
2015-02-13T21:43:14.925Z,94900000000000000,94900000000000000,iOS,166.170.35.127,,,84100000000000000,84100000000000000,null,Facebook,marketing,null,1,null,0
2015-02-13T21:38:30.345Z,94900000000000000,94900000000000000,iOS,70.192.196.103,,,84100000000000000,84100000000000000,null,Facebook,marketing,null,1,null,0
2015-02-13T20:09:45.067Z,94900000000000000,94900000000000000,iOS,70.183.2.30,,,84100000000000000,84100000000000000,null,Facebook,marketing,null,1,null,0
2015-02-13T18:50:27.026Z,94900000000000000,94900000000000000,iOS,66.87.82.188,,,84100000000000000,84100000000000000,null,Facebook,marketing,null,1,null,0
2015-02-13T17:35:22.397Z,94800000000000000,94800000000000000,iOS,73.172.160.158,,,84100000000000000,84100000000000000,null,Facebook,marketing,null,1,null,0
2015-02-13T17:24:58.200Z,94800000000000000,94800000000000000,iOS,96.241.72.40,,,84100000000000000,84100000000000000,null,Facebook,marketing,null,1,null,0
2015-02-13T03:39:13.108Z,94600000000000000,94600000000000000,iOS,70.208.141.202,,,84100000000000000,84100000000000000,null,Facebook,marketing,null,1,null,0
2015-02-12T17:06:53.892Z,94500000000000000,94500000000000000,iOS,70.208.147.122,,,84100000000000000,84100000000000000,null,Facebook,marketing,null,1,null,0
2015-02-12T00:36:16.771Z,94200000000000000,94200000000000000,iOS,72.45.55.192,,,84100000000000000,84100000000000000,null,Facebook,marketing,null,1,null,0
2015-02-11T17:12:31.660Z,94100000000000000,94100000000000000,iOS,73.172.192.90,,,84100000000000000,84100000000000000,null,Facebook,marketing,null,1,null,0
2015-02-11T01:25:14.906Z,93900000000000000,93900000000000000,iOS,173.79.78.23,,,84100000000000000,84100000000000000,null,Facebook,marketing,null,1,null,0
2015-02-10T23:40:42.066Z,93800000000000000,93800000000000000,iOS,166.170.32.41,,,84100000000000000,84100000000000000,null,Facebook,marketing,null,1,null,0
2015-02-10T04:25:10.530Z,93600000000000000,93600000000000000,iOS,70.109.54.33,,,84100000000000000,84100000000000000,null,Facebook,marketing,null,1,null,0
2015-02-10T04:00:42.517Z,93500000000000000,93500000000000000,iOS,73.39.158.26,,,84100000000000000,84100000000000000,null,Facebook,marketing,null,1,null,0
2015-02-08T20:21:32.680Z,93100000000000000,93100000000000000,iOS,174.108.107.13,,,84100000000000000,84100000000000000,null,Facebook,marketing,null,1,null,0
2015-02-08T16:05:48.896Z,93000000000000000,93000000000000000,iOS,166.171.57.211,,,84100000000000000,84100000000000000,null,Facebook,marketing,null,1,null,0
2015-02-02T23:20:03.573Z,90900000000000000,90900000000000000,iOS,32.213.210.42,,,84100000000000000,84100000000000000,null,Facebook,marketing,null,1,null,0
2015-02-02T23:16:50.694Z,90900000000000000,90900000000000000,iOS,71.75.184.194,,,84100000000000000,84100000000000000,null,Facebook,marketing,null,1,null,0
2015-02-02T22:37:37.636Z,90900000000000000,90900000000000000,iOS,70.209.101.236,,,84100000000000000,84100000000000000,null,Facebook,marketing,null,1,null,0
2015-02-02T22:24:53.838Z,90900000000000000,90900000000000000,iOS,70.193.136.222,,,84100000000000000,84100000000000000,null,Facebook,marketing,null,1,null,0
2015-02-02T03:29:38.310Z,90600000000000000,90600000000000000,iOS,108.28.54.43,,,84100000000000000,84100000000000000,null,Facebook,marketing,null,1,null,0
2015-02-01T07:10:35.572Z,90300000000000000,90300000000000000,iOS,166.170.33.238,,,84100000000000000,84100000000000000,null,Facebook,marketing,null,1,null,0
2015-02-01T03:19:05.577Z,90300000000000000,90300000000000000,iOS,108.48.40.45,,,84100000000000000,84100000000000000,null,Facebook,marketing,null,1,null,0
2015-02-01T01:53:04.093Z,90300000000000000,90300000000000000,iOS,71.163.83.90,,,84100000000000000,84100000000000000,null,Facebook,marketing,null,1,null,0
2015-02-01T01:37:32.632Z,90200000000000000,90200000000000000,iOS,72.218.166.234,,,84100000000000000,84100000000000000,null,Facebook,marketing,null,1,null,0
2015-01-31T19:38:19.559Z,90200000000000000,90200000000000000,iOS,66.44.30.39,,,84100000000000000,84100000000000000,null,Facebook,marketing,null,1,null,0
2015-01-31T17:30:20.818Z,90100000000000000,90100000000000000,iOS,73.180.212.228,,,84100000000000000,84100000000000000,null,Facebook,marketing,null,1,null,0
2015-01-31T16:55:25.260Z,90100000000000000,90100000000000000,iOS,96.253.101.128,,,84100000000000000,84100000000000000,null,Facebook,marketing,null,1,null,0
2015-01-31T15:52:55.807Z,90100000000000000,90100000000000000,iOS,69.143.226.124,,,84100000000000000,84100000000000000,null,Facebook,marketing,null,1,null,0
2015-01-31T02:58:44.102Z,89900000000000000,89900000000000000,iOS,68.55.207.60,,,84100000000000000,84100000000000000,null,Facebook,marketing,null,1,null,0
2015-01-31T00:28:44.567Z,89900000000000000,89900000000000000,iOS,166.170.35.238,,,84100000000000000,84100000000000000,null,Facebook,marketing,null,1,null,0
2015-01-30T23:42:18.609Z,89900000000000000,89900000000000000,iOS,70.208.135.185,,,84100000000000000,84100000000000000,null,Facebook,marketing,null,1,null,0
2015-01-30T23:21:09.195Z,89800000000000000,89800000000000000,iOS,73.200.190.236,,,84100000000000000,84100000000000000,null,Facebook,marketing,null,1,null,0
2015-01-29T23:34:11.417Z,89500000000000000,89500000000000000,iOS,70.192.203.2,,,84100000000000000,84100000000000000,null,Facebook,marketing,null,1,null,0
2015-01-28T05:44:22.628Z,88900000000000000,88900000000000000,iOS,72.66.83.39,,,84100000000000000,84100000000000000,null,Facebook,marketing,null,1,null,0
2015-01-28T05:38:25.345Z,88900000000000000,88900000000000000,iOS,208.54.35.196,,,84100000000000000,84100000000000000,null,Facebook,marketing,null,1,null,0
2015-01-28T04:49:41.855Z,88800000000000000,88800000000000000,iOS,73.180.230.137,,,84100000000000000,84100000000000000,null,Facebook,marketing,null,1,null,0
2015-01-28T04:45:41.090Z,88800000000000000,88800000000000000,iOS,71.163.36.46,,,84100000000000000,84100000000000000,null,Facebook,marketing,null,1,null,0
2015-01-28T04:43:09.358Z,88800000000000000,88800000000000000,iOS,71.206.47.248,,,84100000000000000,84100000000000000,null,Facebook,marketing,null,1,null,0
2015-01-28T04:24:26.523Z,88800000000000000,88800000000000000,iOS,70.44.89.108,,,84100000000000000,84100000000000000,null,Facebook,marketing,null,1,null,0
2015-01-28T04:14:07.448Z,88800000000000000,88800000000000000,iOS,70.208.128.160,,,84100000000000000,84100000000000000,null,Facebook,marketing,null,1,null,0
2015-01-28T04:02:52.080Z,88800000000000000,88800000000000000,iOS,108.28.174.137,,,84100000000000000,84100000000000000,null,Facebook,marketing,null,1,null,0
2015-01-28T03:58:05.992Z,88800000000000000,88800000000000000,iOS,73.39.54.23,,,84100000000000000,84100000000000000,null,Facebook,marketing,null,1,null,0
2015-01-28T03:46:09.595Z,88800000000000000,88800000000000000,iOS,166.175.62.140,,,84100000000000000,84100000000000000,null,Facebook,marketing,null,1,null,0
2015-01-28T03:37:39.898Z,88800000000000000,88800000000000000,iOS,98.231.248.120,,,84100000000000000,84100000000000000,null,Facebook,marketing,null,1,null,0
2015-01-28T03:20:44.687Z,88800000000000000,88800000000000000,iOS,108.28.0.205,,,84100000000000000,84100000000000000,null,Facebook,marketing,null,1,null,0
2015-01-28T03:19:08.139Z,88800000000000000,88800000000000000,iOS,73.173.174.92,,,84100000000000000,84100000000000000,null,Facebook,marketing,null,1,null,0
2015-01-28T02:31:06.896Z,88800000000000000,88800000000000000,iOS,71.191.162.61,,,84100000000000000,84100000000000000,null,Facebook,marketing,null,1,null,0
2015-01-28T02:22:43.249Z,88800000000000000,88800000000000000,iOS,71.163.176.6,,,84100000000000000,84100000000000000,null,Facebook,marketing,null,1,null,0
2015-01-28T02:15:41.819Z,88800000000000000,88800000000000000,iOS,108.18.163.74,,,84100000000000000,84100000000000000,null,Facebook,marketing,null,1,null,0
2015-01-28T01:56:36.098Z,88800000000000000,88800000000000000,iOS,73.173.130.158,,,84100000000000000,84100000000000000,null,Facebook,marketing,null,1,null,0
2015-01-28T01:55:06.268Z,88800000000000000,88800000000000000,iOS,108.18.150.35,,,84100000000000000,84100000000000000,null,Facebook,marketing,null,1,null,0
2015-01-28T01:46:53.924Z,88800000000000000,88800000000000000,iOS,108.28.18.215,,,84100000000000000,84100000000000000,null,Facebook,marketing,null,1,null,0
2015-01-28T01:37:56.416Z,88800000000000000,88800000000000000,iOS,108.28.179.216,,,84100000000000000,84100000000000000,null,Facebook,marketing,null,1,null,0
2015-01-28T01:32:26.079Z,88800000000000000,88800000000000000,iOS,67.247.87.128,,,84100000000000000,84100000000000000,null,Facebook,marketing,null,1,null,0
2015-01-28T01:31:36.895Z,88800000000000000,88800000000000000,iOS,74.96.179.47,,,84100000000000000,84100000000000000,null,Facebook,marketing,null,1,null,0
2015-01-28T01:17:12.341Z,88800000000000000,88800000000000000,iOS,71.163.107.33,,,84100000000000000,84100000000000000,null,Facebook,marketing,null,1,null,0
2015-01-28T01:14:49.677Z,88800000000000000,88800000000000000,iOS,69.143.160.109,,,84100000000000000,84100000000000000,null,Facebook,marketing,null,1,null,0
2015-01-28T01:13:29.630Z,88800000000000000,88800000000000000,iOS,72.66.101.215,,,84100000000000000,84100000000000000,null,Facebook,marketing,null,1,null,0
2015-01-28T00:50:25.294Z,88800000000000000,88800000000000000,iOS,70.192.206.26,,,84100000000000000,84100000000000000,null,Facebook,marketing,null,1,null,0
2015-01-28T00:44:06.275Z,88800000000000000,88800000000000000,iOS,70.192.211.133,,,84100000000000000,84100000000000000,null,Facebook,marketing,null,1,null,0
2015-01-28T00:36:12.789Z,88800000000000000,88800000000000000,iOS,70.192.203.34,,,84100000000000000,84100000000000000,null,Facebook,marketing,null,1,null,0
2015-01-28T00:08:01.576Z,88800000000000000,88800000000000000,iOS,73.200.89.119,,,84100000000000000,84100000000000000,null,Facebook,marketing,null,1,null,0
2015-01-28T00:05:03.992Z,88800000000000000,88800000000000000,iOS,66.44.33.220,,,84100000000000000,84100000000000000,null,Facebook,marketing,null,1,null,0
2015-01-27T23:20:25.953Z,88800000000000000,88800000000000000,iOS,70.197.163.15,,,84100000000000000,84100000000000000,null,Facebook,marketing,null,1,null,0
2015-01-27T22:51:44.221Z,88800000000000000,88800000000000000,iOS,173.73.52.215,,,84100000000000000,84100000000000000,null,Facebook,marketing,null,1,null,0
2015-01-27T22:25:17.346Z,88700000000000000,88700000000000000,iOS,71.178.195.104,,,84100000000000000,84100000000000000,null,Facebook,marketing,null,1,null,0
2015-01-27T21:50:02.781Z,88700000000000000,88700000000000000,iOS,96.255.98.104,,,84100000000000000,84100000000000000,null,Facebook,marketing,null,1,null,0
2015-01-27T21:42:25.380Z,88700000000000000,88700000000000000,iOS,98.184.81.46,,,84100000000000000,84100000000000000,null,Facebook,marketing,null,1,null,0
2015-01-27T20:48:30.432Z,88700000000000000,88700000000000000,iOS,69.143.188.30,,,84100000000000000,84100000000000000,null,Facebook,marketing,null,1,null,0
2015-01-27T19:51:59.137Z,88700000000000000,88700000000000000,iOS,108.28.102.251,,,84100000000000000,84100000000000000,null,Facebook,marketing,null,1,null,0
2015-01-27T19:49:45.246Z,88700000000000000,88700000000000000,iOS,208.49.179.86,,,84100000000000000,84100000000000000,null,Facebook,marketing,null,1,null,0
2015-01-27T19:31:08.248Z,88700000000000000,88700000000000000,iOS,66.87.82.191,,,84100000000000000,84100000000000000,null,Facebook,marketing,null,1,null,0
2015-01-27T19:09:12.570Z,88700000000000000,88700000000000000,iOS,69.140.154.65,,,84100000000000000,84100000000000000,null,Facebook,marketing,null,1,null,0
2015-01-27T19:07:55.000Z,88700000000000000,88700000000000000,iOS,208.58.205.11,,,84100000000000000,84100000000000000,null,Facebook,marketing,null,1,null,0
2015-01-27T19:03:33.669Z,88700000000000000,88700000000000000,iOS,199.188.135.13,,,84100000000000000,84100000000000000,null,Facebook,marketing,null,1,null,0
2015-01-27T18:58:23.856Z,88700000000000000,88700000000000000,iOS,76.100.164.158,,,84100000000000000,84100000000000000,null,Facebook,marketing,null,1,null,0
2015-01-27T18:32:29.344Z,88700000000000000,88700000000000000,iOS,68.49.199.17,,,84100000000000000,84100000000000000,null,Facebook,marketing,null,1,null,0
2015-01-27T18:30:05.746Z,88700000000000000,88700000000000000,iOS,70.192.192.35,,,84100000000000000,84100000000000000,null,Facebook,marketing,null,1,null,0
2015-01-27T18:20:37.386Z,88700000000000000,88700000000000000,iOS,98.169.126.189,,,84100000000000000,84100000000000000,null,Facebook,marketing,null,1,null,0
2015-01-27T18:05:54.160Z,88700000000000000,88700000000000000,iOS,71.114.104.242,,,84100000000000000,84100000000000000,null,Facebook,marketing,null,1,null,0
2015-01-27T17:53:07.202Z,88700000000000000,88700000000000000,iOS,71.246.197.115,,,84100000000000000,84100000000000000,null,Facebook,marketing,null,1,null,0
2015-01-27T17:21:45.013Z,88700000000000000,88700000000000000,iOS,70.208.147.174,,,84100000000000000,84100000000000000,null,Facebook,marketing,null,1,null,0
2015-01-27T17:04:22.912Z,88700000000000000,88700000000000000,iOS,166.171.57.109,,,84100000000000000,84100000000000000,null,Facebook,marketing,null,1,null,0
2015-01-27T16:16:12.643Z,88700000000000000,88700000000000000,iOS,50.253.29.177,,,84100000000000000,84100000000000000,null,Facebook,marketing,null,1,null,0
2015-01-27T15:50:12.237Z,88600000000000000,88600000000000000,iOS,166.170.34.110,,,84100000000000000,84100000000000000,null,Facebook,marketing,null,1,null,0
2015-01-27T15:40:59.635Z,88600000000000000,88600000000000000,iOS,70.208.133.223,,,84100000000000000,84100000000000000,null,Facebook,marketing,null,1,null,0
2015-01-27T15:39:45.232Z,88600000000000000,88600000000000000,iOS,71.163.93.34,,,84100000000000000,84100000000000000,null,Facebook,marketing,null,1,null,0
2015-01-27T15:36:51.372Z,88600000000000000,88600000000000000,iOS,166.170.32.179,,,84100000000000000,84100000000000000,null,Facebook,marketing,null,1,null,0
2015-01-27T15:34:38.749Z,88600000000000000,88600000000000000,iOS,69.250.248.22,,,84100000000000000,84100000000000000,null,Facebook,marketing,null,1,null,0
2015-01-27T15:33:10.324Z,88600000000000000,88600000000000000,iOS,69.243.126.182,,,84100000000000000,84100000000000000,null,Facebook,marketing,null,1,null,0
2015-01-27T15:18:14.616Z,88600000000000000,88600000000000000,iOS,108.45.80.243,,,84100000000000000,84100000000000000,null,Facebook,marketing,null,1,null,0
2015-01-27T15:06:24.827Z,88600000000000000,88600000000000000,iOS,108.18.114.62,,,84100000000000000,84100000000000000,null,Facebook,marketing,null,1,null,0
2015-01-27T15:02:15.335Z,88600000000000000,88600000000000000,iOS,166.170.32.139,,,84100000000000000,84100000000000000,null,Facebook,marketing,null,1,null,0
2015-01-27T14:43:38.599Z,88600000000000000,88600000000000000,iOS,68.83.216.31,,,84100000000000000,84100000000000000,null,Facebook,marketing,null,1,null,0
2015-01-27T14:35:43.808Z,88600000000000000,88600000000000000,iOS,166.170.32.56,,,84100000000000000,84100000000000000,null,Facebook,marketing,null,1,null,0
2015-01-27T13:58:28.555Z,88600000000000000,88600000000000000,iOS,70.208.128.51,,,84100000000000000,84100000000000000,null,Facebook,marketing,null,1,null,0
2015-01-27T13:48:42.385Z,88600000000000000,88600000000000000,iOS,66.87.82.126,,,84100000000000000,84100000000000000,null,Facebook,marketing,null,1,null,0
2015-01-27T13:44:35.196Z,88600000000000000,88600000000000000,iOS,98.169.137.49,,,84100000000000000,84100000000000000,null,Facebook,marketing,null,1,null,0
2015-01-27T13:39:53.717Z,88600000000000000,88600000000000000,iOS,73.39.70.67,,,84100000000000000,84100000000000000,null,Facebook,marketing,null,1,null,0
2015-01-27T13:03:20.251Z,88600000000000000,88600000000000000,iOS,166.170.33.67,,,84100000000000000,84100000000000000,null,Facebook,marketing,null,1,null,0
2015-01-27T12:52:41.859Z,88600000000000000,88600000000000000,iOS,76.26.154.220,,,84100000000000000,84100000000000000,null,Facebook,marketing,null,1,null,0
2015-01-27T12:38:59.041Z,88600000000000000,88600000000000000,iOS,96.255.104.57,,,84100000000000000,84100000000000000,null,Facebook,marketing,null,1,null,0
2015-01-27T12:28:36.890Z,88600000000000000,88600000000000000,iOS,74.103.64.140,,,84100000000000000,84100000000000000,null,Facebook,marketing,null,1,null,0
2015-01-27T12:26:59.671Z,88600000000000000,88600000000000000,iOS,69.140.102.206,,,84100000000000000,84100000000000000,null,Facebook,marketing,null,1,null,0
2015-01-27T12:24:46.804Z,88600000000000000,88600000000000000,iOS,71.163.94.189,,,84100000000000000,84100000000000000,null,Facebook,marketing,null,1,null,0
2015-01-23T22:46:02.617Z,87300000000000000,87300000000000000,iOS,108.48.88.217,,,84100000000000000,84100000000000000,null,Facebook,marketing,null,1,null,0
2015-02-17T22:55:54.986Z,96400000000000000,96400000000000000,iOS,67.180.198.72,,,94900000000000000,94900000000000000,null,null,marketing,null,1,null,0
2015-02-13T19:39:32.404Z,94900000000000000,94900000000000000,iOS,24.130.8.48,,,74400000000000000,74400000000000000,null,null,marketing,null,1,null,0
2015-02-11T02:42:51.129Z,93900000000000000,93900000000000000,iOS,24.130.8.48,,,93900000000000000,93900000000000000,null,null,marketing,null,1,null,0
2015-01-22T05:10:50.361Z,86700000000000000,86700000000000000,iOS,108.77.232.27,,,84100000000000000,84100000000000000,null,Press Kit,marketing,null,1,null,0
2015-02-21T03:58:45.261Z,97500000000000000,97500000000000000,iOS,108.18.23.167,,,84100000000000000,84100000000000000,null,Twitter,marketing,null,1,null,0
2015-02-21T03:31:36.706Z,97500000000000000,97500000000000000,iOS,71.179.83.119,,,84100000000000000,84100000000000000,null,Twitter,marketing,null,1,null,0
2015-02-21T02:01:01.971Z,97500000000000000,97500000000000000,iOS,70.192.208.249,,,84100000000000000,84100000000000000,null,Twitter,marketing,null,1,null,0
2015-02-20T23:12:58.155Z,97500000000000000,97500000000000000,iOS,174.71.44.176,,,84100000000000000,84100000000000000,null,Twitter,marketing,null,1,null,0
2015-02-20T21:25:36.282Z,97400000000000000,97400000000000000,iOS,64.134.184.131,,,84100000000000000,84100000000000000,null,Twitter,marketing,null,1,null,0
2015-02-20T21:18:57.841Z,97400000000000000,97400000000000000,iOS,70.208.149.57,,,84100000000000000,84100000000000000,null,Twitter,marketing,null,1,null,0
2015-02-20T15:23:03.471Z,97300000000000000,97300000000000000,iOS,8.38.167.246,,,84100000000000000,84100000000000000,null,Twitter,marketing,null,1,null,0
2015-02-20T14:36:18.181Z,97300000000000000,97300000000000000,iOS,68.100.19.13,,,84100000000000000,84100000000000000,null,Twitter,marketing,null,1,null,0
2015-02-19T20:18:45.182Z,97100000000000000,97100000000000000,iOS,73.39.43.187,,,84100000000000000,84100000000000000,null,Twitter,marketing,null,1,null,0
2015-02-19T20:17:12.445Z,97100000000000000,97100000000000000,iOS,97.80.242.76,,,84100000000000000,84100000000000000,null,Twitter,marketing,null,1,null,0
2015-02-19T20:11:36.386Z,97000000000000000,97000000000000000,iOS,70.208.152.152,,,84100000000000000,84100000000000000,null,Twitter,marketing,null,1,null,0
2015-02-19T19:56:58.983Z,97000000000000000,97000000000000000,iOS,69.250.147.223,,,84100000000000000,84100000000000000,null,Twitter,marketing,null,1,null,0
2015-02-19T18:04:52.655Z,97000000000000000,97000000000000000,iOS,136.167.243.203,,,84100000000000000,84100000000000000,null,Twitter,marketing,null,1,null,0
2015-02-19T14:47:00.190Z,97000000000000000,97000000000000000,iOS,70.208.140.128,,,84100000000000000,84100000000000000,null,Twitter,marketing,null,1,null,0
2015-02-19T01:21:58.840Z,96800000000000000,96800000000000000,iOS,71.62.105.219,,,84100000000000000,84100000000000000,null,Twitter,marketing,null,1,null,0
2015-02-18T21:13:58.210Z,96700000000000000,96700000000000000,iOS,166.170.37.123,,,84100000000000000,84100000000000000,null,Twitter,marketing,null,1,null,0
2015-02-18T12:27:45.616Z,96600000000000000,96600000000000000,iOS,73.212.252.242,,,86500000000000000,86500000000000000,null,Twitter,marketing,null,1,null,0
2015-02-17T13:58:07.820Z,96200000000000000,96200000000000000,iOS,73.180.129.211,,,84100000000000000,84100000000000000,null,Twitter,marketing,null,1,null,0
2015-02-17T11:54:42.222Z,96200000000000000,96200000000000000,iOS,70.192.201.173,,,86500000000000000,86500000000000000,null,Twitter,marketing,null,1,null,0
2015-02-16T17:27:59.151Z,95900000000000000,95900000000000000,iOS,73.172.79.36,,,84100000000000000,84100000000000000,null,Twitter,marketing,null,1,null,0
2015-02-16T15:58:05.514Z,95900000000000000,95900000000000000,iOS,71.62.229.65,,,84100000000000000,84100000000000000,null,Twitter,marketing,null,1,null,0
2015-02-16T15:43:58.614Z,95900000000000000,95900000000000000,iOS,76.26.151.90,,,84100000000000000,84100000000000000,null,Twitter,marketing,null,1,null,0
2015-02-16T14:35:02.217Z,95900000000000000,95900000000000000,iOS,71.121.238.161,,,84100000000000000,84100000000000000,null,Twitter,marketing,null,1,null,0
2015-02-16T13:53:55.279Z,95900000000000000,95900000000000000,iOS,98.197.84.27,,,84100000000000000,84100000000000000,null,Twitter,marketing,null,1,null,0
2015-02-16T10:03:35.596Z,95800000000000000,95800000000000000,iOS,166.170.41.85,,,84100000000000000,84100000000000000,null,Twitter,marketing,null,1,null,0
2015-02-16T00:34:07.772Z,95700000000000000,95700000000000000,iOS,24.126.35.192,,,86500000000000000,86500000000000000,null,Twitter,marketing,null,1,null,0
2015-02-15T21:28:17.474Z,95600000000000000,95600000000000000,iOS,173.50.127.192,,,84100000000000000,84100000000000000,null,Twitter,marketing,null,1,null,0
2015-02-15T20:25:10.530Z,95600000000000000,95600000000000000,iOS,108.31.75.106,,,84100000000000000,84100000000000000,null,Twitter,marketing,null,1,null,0
2015-02-15T17:54:19.908Z,95600000000000000,95600000000000000,iOS,70.208.148.132,,,84100000000000000,84100000000000000,null,Twitter,marketing,null,1,null,0
2015-02-15T17:16:17.592Z,95600000000000000,95600000000000000,iOS,70.208.163.38,,,84100000000000000,84100000000000000,null,Twitter,marketing,null,1,null,0
2015-02-15T14:53:28.538Z,95500000000000000,95500000000000000,iOS,75.75.107.193,,,84100000000000000,84100000000000000,null,Twitter,marketing,null,1,null,0
2015-02-15T12:56:50.475Z,95500000000000000,95500000000000000,iOS,69.255.167.20,,,84100000000000000,84100000000000000,null,Twitter,marketing,null,1,null,0
2015-02-14T23:40:31.656Z,95300000000000000,95300000000000000,iOS,70.208.154.165,,,84100000000000000,84100000000000000,null,Twitter,marketing,null,1,null,0
2015-02-14T19:30:43.524Z,95200000000000000,95200000000000000,iOS,72.205.44.105,,,84100000000000000,84100000000000000,null,Twitter,marketing,null,1,null,0
2015-02-14T18:52:57.169Z,95200000000000000,95200000000000000,iOS,98.204.206.167,,,84100000000000000,84100000000000000,null,Twitter,marketing,null,1,null,0
2015-02-14T15:33:07.530Z,95200000000000000,95200000000000000,iOS,70.192.198.19,,,84100000000000000,84100000000000000,null,Twitter,marketing,null,1,null,0
2015-02-14T13:06:55.942Z,95100000000000000,95100000000000000,iOS,66.87.83.202,,,84100000000000000,84100000000000000,null,Twitter,marketing,null,1,null,0
2015-02-13T17:20:09.396Z,94800000000000000,94800000000000000,iOS,8.20.70.240,,,84100000000000000,84100000000000000,null,Twitter,marketing,null,1,null,0
2015-02-13T17:10:25.811Z,94800000000000000,94800000000000000,iOS,72.69.5.164,,,84100000000000000,84100000000000000,null,Twitter,marketing,null,1,null,0
2015-02-13T17:00:06.034Z,94800000000000000,94800000000000000,iOS,144.126.16.164,,,84100000000000000,84100000000000000,null,Twitter,marketing,null,1,null,0
2015-02-13T16:46:32.886Z,94800000000000000,94800000000000000,iOS,70.208.149.165,,,84100000000000000,84100000000000000,null,Twitter,marketing,null,1,null,0
2015-02-13T16:34:54.025Z,94800000000000000,94800000000000000,iOS,64.26.103.9,,,84100000000000000,84100000000000000,null,Twitter,marketing,null,1,null,0
2015-02-13T16:32:10.439Z,94800000000000000,94800000000000000,iOS,166.171.58.53,,,84100000000000000,84100000000000000,null,Twitter,marketing,null,1,null,0
2015-02-13T16:28:58.021Z,94800000000000000,94800000000000000,iOS,50.202.55.2,,,84100000000000000,84100000000000000,null,Twitter,marketing,null,1,null,0
2015-02-13T14:58:22.407Z,94800000000000000,94800000000000000,iOS,96.255.248.235,,,84100000000000000,84100000000000000,null,Twitter,marketing,null,1,null,0
2015-02-13T14:08:47.653Z,94800000000000000,94800000000000000,iOS,166.170.30.128,,,84100000000000000,84100000000000000,null,Twitter,marketing,null,1,null,0
2015-02-13T13:37:40.126Z,94800000000000000,94800000000000000,iOS,151.188.213.231,,,84100000000000000,84100000000000000,null,Twitter,marketing,null,1,null,0
2015-02-13T11:18:56.705Z,94700000000000000,94700000000000000,iOS,66.87.81.86,,,84100000000000000,84100000000000000,null,Twitter,marketing,null,1,null,0
2015-02-13T01:24:02.894Z,94600000000000000,94600000000000000,iOS,70.208.141.225,,,84100000000000000,84100000000000000,null,Twitter,marketing,null,1,null,0
2015-02-12T17:08:42.690Z,94500000000000000,94500000000000000,iOS,172.56.29.238,,,84100000000000000,84100000000000000,null,Twitter,marketing,null,1,null,0
2015-02-11T20:05:46.734Z,94100000000000000,94100000000000000,iOS,70.192.201.231,,,84100000000000000,84100000000000000,null,Twitter,marketing,null,1,null,0
2015-02-11T17:28:49.815Z,94100000000000000,94100000000000000,iOS,131.118.85.100,,,84100000000000000,84100000000000000,null,Twitter,marketing,null,1,null,0
2015-02-11T16:44:25.532Z,94100000000000000,94100000000000000,iOS,70.192.202.235,,,86500000000000000,86500000000000000,null,Twitter,marketing,null,1,null,0
2015-02-11T15:26:42.718Z,94100000000000000,94100000000000000,iOS,131.118.85.100,,,84100000000000000,84100000000000000,null,Twitter,marketing,null,1,null,0
2015-02-11T06:14:27.207Z,93900000000000000,93900000000000000,iOS,184.176.82.40,,,84100000000000000,84100000000000000,null,Twitter,marketing,null,1,null,0
2015-02-10T14:45:58.722Z,93700000000000000,93700000000000000,iOS,73.39.230.95,,,84100000000000000,84100000000000000,null,Twitter,marketing,null,1,null,0
2015-02-10T13:37:23.919Z,93700000000000000,93700000000000000,iOS,73.39.143.186,,,84100000000000000,84100000000000000,null,Twitter,marketing,null,1,null,0
2015-02-10T10:50:19.113Z,93600000000000000,93600000000000000,iOS,172.56.3.20,,,84100000000000000,84100000000000000,null,Twitter,marketing,null,1,null,0
2015-02-08T22:45:04.348Z,93100000000000000,93100000000000000,iOS,99.120.116.69,,,84100000000000000,84100000000000000,null,Twitter,marketing,null,1,null,0
2015-02-07T11:45:56.361Z,92600000000000000,92600000000000000,iOS,67.234.98.96,,,86500000000000000,86500000000000000,null,Twitter,marketing,null,1,null,0
2015-02-06T03:40:39.380Z,92100000000000000,92100000000000000,iOS,99.183.236.226,,,84100000000000000,84100000000000000,null,Twitter,marketing,null,1,null,0
2015-02-05T19:58:04.101Z,92000000000000000,92000000000000000,iOS,72.208.192.56,,,84100000000000000,84100000000000000,null,Twitter,marketing,null,1,null,0
2015-02-05T19:45:52.339Z,92000000000000000,92000000000000000,iOS,99.149.26.174,,,84100000000000000,84100000000000000,null,Twitter,marketing,null,1,null,0
2015-02-05T18:17:27.348Z,91900000000000000,91900000000000000,iOS,76.95.66.15,,,84100000000000000,84100000000000000,null,Twitter,marketing,null,1,null,0
2015-02-05T16:56:22.719Z,91900000000000000,91900000000000000,iOS,67.253.53.20,,,84100000000000000,84100000000000000,null,Twitter,marketing,null,1,null,0
2015-02-05T16:38:12.301Z,91900000000000000,91900000000000000,iOS,70.192.69.189,,,84100000000000000,84100000000000000,null,Twitter,marketing,null,1,null,0
2015-02-05T16:37:59.046Z,91900000000000000,91900000000000000,iOS,69.131.9.157,,,84100000000000000,84100000000000000,null,Twitter,marketing,null,1,null,0
2015-02-05T16:33:09.770Z,91900000000000000,91900000000000000,iOS,120.147.227.165,,,84100000000000000,84100000000000000,null,Twitter,marketing,null,1,null,0
2015-02-05T16:24:59.837Z,91900000000000000,91900000000000000,iOS,166.172.185.185,,,84100000000000000,84100000000000000,null,Twitter,marketing,null,1,null,0
2015-02-05T16:15:19.022Z,91900000000000000,91900000000000000,iOS,97.92.54.223,,,84100000000000000,84100000000000000,null,Twitter,marketing,null,1,null,0
2015-02-05T16:13:17.607Z,91900000000000000,91900000000000000,iOS,139.102.167.204,,,84100000000000000,84100000000000000,null,Twitter,marketing,null,1,null,0
2015-02-05T16:09:54.304Z,91900000000000000,91900000000000000,iOS,166.171.121.245,,,84100000000000000,84100000000000000,null,Twitter,marketing,null,1,null,0
2015-02-05T16:07:09.620Z,91900000000000000,91900000000000000,iOS,66.87.149.213,,,84100000000000000,84100000000000000,null,Twitter,marketing,null,1,null,0
2015-02-05T16:02:45.632Z,91900000000000000,91900000000000000,iOS,68.53.96.168,,,84100000000000000,84100000000000000,null,Twitter,marketing,null,1,null,0
2015-02-05T15:59:51.464Z,91900000000000000,91900000000000000,iOS,50.169.1.19,,,84100000000000000,84100000000000000,null,Twitter,marketing,null,1,null,0
2015-02-05T15:59:32.501Z,91900000000000000,91900000000000000,iOS,166.173.61.40,,,84100000000000000,84100000000000000,null,Twitter,marketing,null,1,null,0
2015-02-05T15:59:18.765Z,91900000000000000,91900000000000000,iOS,50.30.112.190,,,84100000000000000,84100000000000000,null,Twitter,marketing,null,1,null,0
2015-02-05T15:59:05.277Z,91900000000000000,91900000000000000,iOS,198.150.95.27,,,84100000000000000,84100000000000000,null,Twitter,marketing,null,1,null,0
2015-02-05T15:58:01.489Z,91900000000000000,91900000000000000,iOS,71.43.252.50,,,84100000000000000,84100000000000000,null,Twitter,marketing,null,1,null,0
2015-02-05T15:56:41.490Z,91900000000000000,91900000000000000,iOS,64.134.238.199,,,84100000000000000,84100000000000000,null,Twitter,marketing,null,1,null,0
2015-02-05T15:56:32.370Z,91900000000000000,91900000000000000,iOS,70.208.225.47,,,84100000000000000,84100000000000000,null,Twitter,marketing,null,1,null,0
2015-02-05T02:05:27.850Z,91700000000000000,91700000000000000,iOS,98.218.192.238,,,84100000000000000,84100000000000000,null,Twitter,marketing,null,1,null,0
2015-02-03T16:07:14.699Z,91200000000000000,91200000000000000,iOS,38.127.187.234,,,86500000000000000,86500000000000000,null,Twitter,marketing,null,1,null,0
2015-02-03T02:40:05.889Z,91000000000000000,91000000000000000,iOS,71.62.8.152,,,86500000000000000,86500000000000000,null,Twitter,marketing,null,1,null,0
2015-02-01T15:23:38.567Z,90500000000000000,90500000000000000,iOS,96.244.242.26,,,86500000000000000,86500000000000000,null,Twitter,marketing,null,1,null,0
2015-01-31T20:20:17.644Z,90200000000000000,90200000000000000,iOS,98.117.89.126,,,86500000000000000,86500000000000000,null,Twitter,marketing,null,1,null,0
2015-01-30T12:38:24.626Z,89700000000000000,89700000000000000,iOS,166.170.34.175,,,86500000000000000,86500000000000000,null,Twitter,marketing,null,1,null,0
2015-01-27T18:21:16.101Z,88700000000000000,88700000000000000,iOS,68.50.62.128,,,86500000000000000,86500000000000000,null,Twitter,marketing,null,1,null,0
2015-01-27T17:59:31.470Z,88700000000000000,88700000000000000,iOS,65.194.222.23,,,86500000000000000,86500000000000000,null,Twitter,marketing,null,1,null,0
2015-01-27T17:45:27.987Z,88700000000000000,88700000000000000,iOS,66.87.82.173,,,86500000000000000,86500000000000000,null,Twitter,marketing,null,1,null,0
2015-01-27T13:07:33.622Z,88600000000000000,88600000000000000,iOS,205.197.242.11,,,86500000000000000,86500000000000000,null,Twitter,marketing,null,1,null,0
2015-01-27T05:25:30.837Z,88500000000000000,88500000000000000,iOS,166.170.32.147,,,86500000000000000,86500000000000000,null,Twitter,marketing,null,1,null,0
2015-01-27T01:21:24.881Z,88400000000000000,88400000000000000,iOS,98.225.211.16,,,86500000000000000,86500000000000000,null,Twitter,marketing,null,1,null,0
2015-01-26T20:17:40.682Z,88400000000000000,88400000000000000,iOS,66.189.30.250,,,86500000000000000,86500000000000000,null,Twitter,marketing,null,1,null,0
2015-01-26T19:24:21.786Z,88300000000000000,88300000000000000,iOS,73.163.132.68,,,86500000000000000,86500000000000000,null,Twitter,marketing,null,1,null,0
2015-01-26T03:53:56.677Z,88100000000000000,88100000000000000,iOS,75.75.3.186,,,86500000000000000,86500000000000000,null,Twitter,marketing,null,1,null,0
2015-01-26T01:59:17.367Z,88100000000000000,88100000000000000,iOS,108.31.133.120,,,86500000000000000,86500000000000000,null,Twitter,marketing,null,1,null,0
2015-01-25T19:17:31.229Z,88000000000000000,88000000000000000,iOS,166.172.185.43,,,86500000000000000,86500000000000000,null,Twitter,marketing,null,1,null,0
2015-01-25T18:53:55.905Z,88000000000000000,88000000000000000,iOS,166.171.56.84,,,86500000000000000,86500000000000000,null,Twitter,marketing,null,1,null,0
2015-01-25T18:27:08.871Z,88000000000000000,88000000000000000,iOS,70.208.132.189,,,86500000000000000,86500000000000000,null,Twitter,marketing,null,1,null,0
2015-01-25T17:58:00.753Z,88000000000000000,88000000000000000,iOS,70.192.197.61,,,86500000000000000,86500000000000000,null,Twitter,marketing,null,1,null,0
2015-01-25T16:43:25.803Z,87900000000000000,87900000000000000,iOS,70.208.129.229,,,86500000000000000,86500000000000000,null,Twitter,marketing,null,1,null,0
2015-01-25T16:24:52.365Z,87900000000000000,87900000000000000,iOS,24.126.38.72,,,86500000000000000,86500000000000000,null,Twitter,marketing,null,1,null,0
2015-01-25T13:09:57.498Z,87900000000000000,87900000000000000,iOS,166.171.58.5,,,86500000000000000,86500000000000000,null,Twitter,marketing,null,1,null,0
2015-01-25T09:40:00.625Z,87800000000000000,87800000000000000,iOS,99.171.176.193,,,86500000000000000,86500000000000000,null,Twitter,marketing,null,1,null,0
2015-01-24T20:28:28.410Z,87600000000000000,87600000000000000,iOS,73.191.21.162,,,86500000000000000,86500000000000000,null,Twitter,marketing,null,1,null,0
2015-01-24T20:00:55.070Z,87600000000000000,87600000000000000,iOS,184.170.109.55,,,86500000000000000,86500000000000000,null,Twitter,marketing,null,1,null,0
2015-01-24T19:04:57.041Z,87600000000000000,87600000000000000,iOS,24.49.33.195,,,86500000000000000,86500000000000000,null,Twitter,marketing,null,1,null,0
2015-01-24T18:53:50.261Z,87600000000000000,87600000000000000,iOS,70.208.153.23,,,86500000000000000,86500000000000000,null,Twitter,marketing,null,1,null,0
2015-01-24T18:42:13.028Z,87600000000000000,87600000000000000,iOS,98.218.69.212,,,86500000000000000,86500000000000000,null,Twitter,marketing,null,1,null,0
2015-01-24T17:45:34.214Z,87600000000000000,87600000000000000,iOS,50.206.156.85,,,86500000000000000,86500000000000000,null,Twitter,marketing,null,1,null,0
2015-01-24T17:34:39.919Z,87600000000000000,87600000000000000,iOS,96.228.21.9,,,86500000000000000,86500000000000000,null,Twitter,marketing,null,1,null,0
2015-01-24T15:04:00.919Z,87600000000000000,87600000000000000,iOS,74.96.198.238,,,86500000000000000,86500000000000000,null,Twitter,marketing,null,1,null,0
2015-01-24T14:37:16.378Z,87500000000000000,87500000000000000,iOS,70.208.134.215,,,86500000000000000,86500000000000000,null,Twitter,marketing,null,1,null,0
2015-01-24T03:45:19.539Z,87400000000000000,87400000000000000,iOS,73.212.201.40,,,86500000000000000,86500000000000000,null,Twitter,marketing,null,1,null,0
2015-01-24T03:15:06.735Z,87400000000000000,87400000000000000,iOS,66.87.82.127,,,86500000000000000,86500000000000000,null,Twitter,marketing,null,1,null,0
2015-01-24T02:08:52.057Z,87400000000000000,87400000000000000,iOS,96.255.143.237,,,86500000000000000,86500000000000000,null,Twitter,marketing,null,1,null,0
2015-01-24T01:06:17.441Z,87300000000000000,87300000000000000,iOS,108.175.190.146,,,86500000000000000,86500000000000000,null,Twitter,marketing,null,1,null,0
2015-01-23T23:15:49.185Z,87300000000000000,87300000000000000,iOS,71.163.36.234,,,86500000000000000,86500000000000000,null,Twitter,marketing,null,1,null,0
2015-01-23T23:00:27.232Z,87300000000000000,87300000000000000,iOS,38.104.194.170,,,86500000000000000,86500000000000000,null,Twitter,marketing,null,1,null,0
2015-01-23T13:30:02.175Z,87200000000000000,87200000000000000,iOS,173.10.151.62,,,86500000000000000,86500000000000000,null,Twitter,marketing,null,1,null,0
2015-01-23T11:29:10.459Z,87100000000000000,87100000000000000,iOS,71.178.171.171,,,86500000000000000,86500000000000000,null,Twitter,marketing,null,1,null,0
2015-01-23T06:21:38.844Z,87100000000000000,87100000000000000,iOS,66.87.83.160,,,86500000000000000,86500000000000000,null,Twitter,marketing,null,1,null,0
2015-01-23T06:19:16.464Z,87100000000000000,87100000000000000,iOS,70.192.210.95,,,86500000000000000,86500000000000000,null,Twitter,marketing,null,1,null,0
2015-01-23T04:27:24.811Z,87000000000000000,87000000000000000,iOS,69.250.209.231,,,86500000000000000,86500000000000000,null,Twitter,marketing,null,1,null,0
2015-01-23T04:11:50.137Z,87000000000000000,87000000000000000,iOS,71.191.175.132,,,86500000000000000,86500000000000000,null,Twitter,marketing,null,1,null,0
2015-01-23T04:07:10.943Z,87000000000000000,87000000000000000,iOS,98.218.10.64,,,86500000000000000,86500000000000000,null,Twitter,marketing,null,1,null,0
2015-01-23T03:51:35.777Z,87000000000000000,87000000000000000,iOS,108.51.187.6,,,86500000000000000,86500000000000000,null,Twitter,marketing,null,1,null,0
2015-01-23T03:33:58.144Z,87000000000000000,87000000000000000,iOS,166.170.35.59,,,86500000000000000,86500000000000000,null,Twitter,marketing,null,1,null,0
2015-01-23T03:31:03.345Z,87000000000000000,87000000000000000,iOS,71.244.130.77,,,86500000000000000,86500000000000000,null,Twitter,marketing,null,1,null,0
2015-01-23T03:27:44.838Z,87000000000000000,87000000000000000,iOS,69.143.115.246,,,86500000000000000,86500000000000000,null,Twitter,marketing,null,1,null,0
2015-01-23T03:24:13.771Z,87000000000000000,87000000000000000,iOS,50.134.111.93,,,86500000000000000,86500000000000000,null,Twitter,marketing,null,1,null,0
2015-01-23T03:22:57.296Z,87000000000000000,87000000000000000,iOS,104.138.255.20,,,86500000000000000,86500000000000000,null,Twitter,marketing,null,1,null,0
2015-01-23T03:19:53.252Z,87000000000000000,87000000000000000,iOS,76.106.1.37,,,86500000000000000,86500000000000000,null,Twitter,marketing,null,1,null,0
2015-02-16T04:15:21.654Z,95700000000000000,95700000000000000,null,null,,,84100000000000000,84100000000000000,null,Facebook,marketing,null,1,null,0
